Fecha,Link
03/12/18,https://lopezobrador.org.mx/2018/12/03/tengo-las-riendas-del-poder-en-las-manos-hay-gobierno-para-dar-seguridad-a-los-mexicanos-senala-presidente-en-su-primera-conferencia-de-prensa-matutina/
04/12/18,https://lopezobrador.org.mx/2018/12/04/conferencia-de-prensa-del-presidente-de-mexico-andres-manuel-lopez-obrador/
05/12/18,https://lopezobrador.org.mx/2018/12/05/version-estenografica-conferencia-de-prensa-del-presidente-de-mexico-andres-manuel-lopez-obrador/
06/12/18,https://lopezobrador.org.mx/2018/12/06/version-estenografica-conferencia-de-prensa-del-presidente-de-mexico-andres-manuel-lopez-obrador-2/
07/12/18,https://lopezobrador.org.mx/2018/12/07/version-estenografica-de-la-conferencia-de-prensa-matutina-del-presidente-de-mexico-andres-manuel-lopez-obrador/
10/12/18,https://lopezobrador.org.mx/2018/12/10/version-estenografica-de-la-conferencia-de-prensa-matutina-del-presidente-andres-manuel-lopez-obrador/
11/12/18,https://lopezobrador.org.mx/2018/12/11/version-estenografica-de-la-conferencia-de-prensa-matutina-del-presidente-andres-manuel-lopez-obrador-2/
12/12/18,https://lopezobrador.org.mx/2018/12/12/version-estenografica-de-la-conferencia-de-prensa-del-presidente-de-mexico-andres-manuel-lopez-obrador/
13/12/18,https://lopezobrador.org.mx/2018/12/13/version-estenografica-de-la-conferencia-de-prensa-matutina-del-presidente-andres-manuel-lopez-obrador-3/
14/12/18,https://lopezobrador.org.mx/2018/12/14/version-estenografica-de-la-conferencia-de-prensa-matutina-del-presidente-andres-manuel-lopez-obrador-4/
17/12/18,https://lopezobrador.org.mx/2018/12/17/version-estenografica-de-la-conferencia-de-prensa-matutina-del-presidente-andres-manuel-lopez-obrador-5/
18/12/18,https://lopezobrador.org.mx/2018/12/18/version-estenografica-de-la-conferencia-de-prensa-matutina-del-presidente-andres-manuel-lopez-obrador-6/
19/12/18,https://lopezobrador.org.mx/2018/12/19/version-estenografica-de-la-conferencia-de-prensa-matutina-del-presidente-andres-manuel-lopez-obrador-7/
20/12/18,https://lopezobrador.org.mx/2018/12/20/version-estenografica-de-la-conferencia-de-prensa-matutina-del-presidente-andres-manuel-lopez-obrador-8/
21/12/18,https://lopezobrador.org.mx/2018/12/21/version-estenografica-de-la-conferencia-de-prensa-matutina-del-presidente-andres-manuel-lopez-obrador-9/
24/12/18,https://lopezobrador.org.mx/2018/12/24/version-estenografica-de-la-conferencia-de-prensa-matutina-del-presidente-andres-manuel-lopez-obrador-10/
26/12/18,https://lopezobrador.org.mx/2018/12/26/version-estenografica-de-la-conferencia-de-prensa-matutina-del-presidente-andres-manuel-lopez-obrador-11/
27/12/18,https://lopezobrador.org.mx/2018/12/27/version-estenografica-de-la-conferencia-de-prensa-matutina-del-presidente-andres-manuel-lopez-obrador-12/
28/12/18,https://lopezobrador.org.mx/2018/12/28/version-estenografica-de-la-conferencia-de-prensa-matutina-del-presidente-andres-manuel-lopez-obrador-13/
31/01/18,https://lopezobrador.org.mx/2018/12/31/presidente-envia-mensaje-a-los-mexicanos-por-ano-nuevo/
02/01/19,https://lopezobrador.org.mx/2019/01/02/version-estenografica-de-la-conferencia-de-prensa-matutina-del-presidente-andres-manuel-lopez-obrador-14/
03/01/19,https://lopezobrador.org.mx/2019/01/03/version-estenografica-de-la-conferencia-de-prensa-matutina-del-presidente-andres-manuel-lopez-obrador-15/
04/01/19,https://lopezobrador.org.mx/2019/01/04/version-estenografica-de-la-conferencia-de-prensa-matutina-del-presidente-andres-manuel-lopez-obrador-16/
07/01/19,https://lopezobrador.org.mx/2019/01/07/version-estenografica-de-la-conferencia-de-prensa-matutina-del-presidente-andres-manuel-lopez-obrador-17/
08/01/19,https://lopezobrador.org.mx/2019/01/08/version-estenografica-de-la-conferencia-de-prensa-matutina-del-presidente-andres-manuel-lopez-obrador-18/
09/01/19,https://lopezobrador.org.mx/2019/01/09/version-estenografica-de-la-conferencia-de-prensa-matutina-del-presidente-andres-manuel-lopez-obrador-19/
10/01/19,https://lopezobrador.org.mx/2019/01/10/version-estenografica-de-la-conferencia-de-prensa-matutina-del-presidente-andres-manuel-lopez-obrador-20/
11/01/19,https://lopezobrador.org.mx/2019/01/11/version-estenografica-de-la-conferencia-de-prensa-matutina-del-presidente-andres-manuel-lopez-obrador-21/
14/01/19,https://lopezobrador.org.mx/2019/01/14/version-estenografica-de-la-conferencia-de-prensa-matutina-del-presidente-andres-manuel-lopez-obrador-22/
15/01/19,https://lopezobrador.org.mx/2019/01/15/version-estenografica-de-la-conferencia-de-prensa-matutina-del-presidente-andres-manuel-lopez-obrador-23/
16/01/19,https://lopezobrador.org.mx/2019/01/16/version-estenografica-de-la-conferencia-de-prensa-matutina-del-presidente-andres-manuel-lopez-obrador-24/
17/01/19,https://lopezobrador.org.mx/2019/01/17/version-estenografica-de-la-conferencia-de-prensa-matutina-del-presidente-andres-manuel-lopez-obrador-25/
18/01/19,https://lopezobrador.org.mx/2019/01/18/version-estenografica-de-la-conferencia-de-prensa-matutina-del-presidente-andres-manuel-lopez-obrador-26/
19/01/19,https://lopezobrador.org.mx/2019/01/19/version-estenografica-de-la-conferencia-de-prensa-extraordinaria-del-presidente-andres-manuel-lopez-obrador/
20/01/19,https://lopezobrador.org.mx/2019/01/20/version-estenografica-de-la-conferencia-de-prensa-extraordinaria-del-presidente-andres-manuel-lopez-obrador-3/
21/01/19,https://lopezobrador.org.mx/2019/01/21/version-estenografica-de-la-conferencia-de-prensa-matutina-del-presidente-andres-manuel-lopez-obrador-27/
22/01/19,https://lopezobrador.org.mx/2019/01/22/version-estenografica-de-la-conferencia-de-prensa-matutina-del-presidente-andres-manuel-lopez-obrador-28/
23/01/19,https://lopezobrador.org.mx/2019/01/23/version-estenografica-de-la-conferencia-de-prensa-matutina-del-presidente-andres-manuel-lopez-obrador-29/
24/01/19,https://lopezobrador.org.mx/2019/01/24/version-estenografica-de-la-conferencia-de-prensa-matutina-del-presidente-andres-manuel-lopez-obrador-30/
25/01/19,https://lopezobrador.org.mx/2019/01/25/version-estenografica-de-la-conferencia-de-prensa-matutina-del-presidente-andres-manuel-lopez-obrador-31/
28/01/19,https://lopezobrador.org.mx/2019/01/28/version-estenografica-de-la-conferencia-de-prensa-matutina-del-presidente-andres-manuel-lopez-obrador-32/
29/01/19,https://lopezobrador.org.mx/2019/01/29/version-estenografica-de-la-conferencia-de-prensa-matutina-del-presidente-andres-manuel-lopez-obrador-33/
30/01/19,https://lopezobrador.org.mx/2019/01/30/version-estenografica-de-la-conferencia-de-prensa-matutina-del-presidente-andres-manuel-lopez-obrador-34/
31/01/19,https://lopezobrador.org.mx/2019/01/31/version-estenografica-de-la-conferencia-de-prensa-matutina-del-presidente-andres-manuel-lopez-obrador-35/
01/02/19,https://lopezobrador.org.mx/2019/02/01/version-estenografica-de-la-conferencia-de-prensa-matutina-del-presidente-andres-manuel-lopez-obrador-36/
04/02/19,https://lopezobrador.org.mx/2019/02/04/version-estenografica-de-la-conferencia-de-prensa-matutina-del-presidente-andres-manuel-lopez-obrador-37/
05/02/19,https://lopezobrador.org.mx/2019/02/05/version-estenografica-de-la-conferencia-de-prensa-matutina-del-presidente-andres-manuel-lopez-obrador-38/
06/02/19,https://lopezobrador.org.mx/2019/02/06/version-estenografica-de-la-conferencia-de-prensa-matutina-del-presidente-andres-manuel-lopez-obrador-39/
07/02/19,https://lopezobrador.org.mx/2019/02/07/version-estenografica-de-la-conferencia-de-prensa-matutina-del-presidente-andres-manuel-lopez-obrador-40/
08/02/19,https://lopezobrador.org.mx/2019/02/08/version-estenografica-de-la-conferencia-de-prensa-matutina-del-presidente-andres-manuel-lopez-obrador-41/
11/02/19,https://lopezobrador.org.mx/2019/02/11/version-estenografica-de-la-conferencia-de-prensa-matutina-del-presidente-andres-manuel-lopez-obrador-42/
12/02/19,https://lopezobrador.org.mx/2019/02/12/version-estenografica-de-la-conferencia-de-prensa-matutina-del-presidente-andres-manuel-lopez-obrador-43/
13/02/19,https://lopezobrador.org.mx/2019/02/13/version-estenografica-de-la-conferencia-de-prensa-matutina-del-presidente-andres-manuel-lopez-obrador-44/
14/02/19,https://lopezobrador.org.mx/2019/02/14/version-estenografica-de-la-conferencia-de-prensa-matutina-del-presidente-andres-manuel-lopez-obrador-45/
15/02/19,https://lopezobrador.org.mx/2019/02/15/version-estenografica-de-la-conferencia-de-prensa-matutina-del-presidente-andres-manuel-lopez-obrador-46/
18/02/19,https://lopezobrador.org.mx/2019/02/18/version-estenografica-de-la-conferencia-de-prensa-matutina-del-presidente-andres-manuel-lopez-obrador-47/
19/02/19,https://lopezobrador.org.mx/2019/02/19/version-estenografica-de-la-conferencia-de-prensa-matutina-del-presidente-andres-manuel-lopez-obrador-48/
20/02/19,https://lopezobrador.org.mx/2019/02/20/version-estenografica-de-la-conferencia-de-prensa-matutina-del-presidente-andres-manuel-lopez-obrador-en-nuevo-leon/
21/02/19,https://lopezobrador.org.mx/2019/02/21/version-estenografica-de-la-conferencia-de-prensa-del-presidente-andres-manuel-lopez-obrador/
22/02/19,https://lopezobrador.org.mx/2019/02/22/version-estenografica-de-la-conferencia-de-prensa-del-presidente-andres-manuel-lopez-obrador-2/
25/02/19,https://lopezobrador.org.mx/2019/02/25/version-estenografica-de-la-conferencia-de-prensa-matutina-del-presidente-andres-manuel-lopez-obrador-49/
26/02/19,https://lopezobrador.org.mx/2019/02/26/version-estenografica-de-la-conferencia-de-prensa-matutina-del-presidente-andres-manuel-lopez-obrador-50/
27/02/19,https://lopezobrador.org.mx/2019/02/27/version-estenografica-de-la-conferencia-de-prensa-del-presidente-andres-manuel-lopez-obrador-3/
28/02/19,https://lopezobrador.org.mx/2019/02/28/version-estenografica-de-la-conferencia-de-prensa-del-presidente-andres-manuel-lopez-obrador-4/
01/03/19,https://lopezobrador.org.mx/2019/03/01/version-estenografica-de-la-conferencia-de-prensa-del-presidente-andres-manuel-lopez-obrador-5/
04/03/19,https://lopezobrador.org.mx/2019/03/04/version-estenografica-de-la-conferencia-de-prensa-del-presidente-andres-manuel-lopez-obrador-6/
05/03/19,https://lopezobrador.org.mx/2019/03/05/version-estenografica-de-la-conferencia-de-prensa-del-presidente-andres-manuel-lopez-obrador-7/
06/03/19,https://lopezobrador.org.mx/2019/03/06/version-estenografica-de-la-conferencia-de-prensa-del-presidente-andres-manuel-lopez-obrador-8/
07/03/19,https://lopezobrador.org.mx/2019/03/07/version-estenografica-de-la-conferencia-de-prensa-del-presidente-andres-manuel-lopez-obrador-9/
08/03/19,https://lopezobrador.org.mx/2019/03/08/version-estenografica-de-la-conferencia-de-prensa-del-presidente-andres-manuel-lopez-obrador-10/
11/03/19,https://lopezobrador.org.mx/2019/03/11/version-estenografica-de-la-conferencia-de-prensa-del-presidente-andres-manuel-lopez-obrador-11/
Informe 100 días,https://lopezobrador.org.mx/2019/03/11/version-estenografica-informe-por-los-primeros-100-dias-de-gobierno/
12/03/19,https://lopezobrador.org.mx/2019/03/12/version-estenografica-de-la-conferencia-de-prensa-matutina-del-presidente-andres-manuel-lopez-obrador-51/
13/03/19,https://lopezobrador.org.mx/2019/03/13/version-estenografica-de-la-conferencia-de-prensa-del-presidente-andres-manuel-lopez-obrador-12/
14/03/19,https://lopezobrador.org.mx/2019/03/14/version-estenografica-de-la-conferencia-de-prensa-del-presidente-andres-manuel-lopez-obrador-13/
15/03/19,https://lopezobrador.org.mx/2019/03/15/version-estenografica-de-la-conferencia-de-prensa-matutina-del-presidente-andres-manuel-lopez-obrador-52/
18/03/19,https://lopezobrador.org.mx/2019/03/18/version-estenografica-de-la-conferencia-de-prensa-del-presidente-andres-manuel-lopez-obrador-14/
19/03/19,https://lopezobrador.org.mx/2019/03/19/version-estenografica-de-la-conferencia-de-prensa-del-presidente-andres-manuel-lopez-obrador-15/
20/03/19,https://lopezobrador.org.mx/2019/03/20/version-estenografica-de-la-conferencia-de-prensa-del-presidente-andres-manuel-lopez-obrador-16/
21/03/19,https://lopezobrador.org.mx/2019/03/21/version-estenografica-de-la-conferencia-de-prensa-del-presidente-andres-manuel-lopez-obrador-17/
22/03/19,https://lopezobrador.org.mx/2019/03/22/version-estenografica-de-la-conferencia-de-prensa-matutina-del-presidente-andres-manuel-lopez-obrador-53/
25/03/19,https://lopezobrador.org.mx/2019/03/25/version-estenografica-de-la-conferencia-de-prensa-matutina-del-presidente-andres-manuel-lopez-obrador-54/
26/03/19,https://lopezobrador.org.mx/2019/03/26/version-estenografica-de-la-conferencia-de-prensa-del-presidente-andres-manuel-lopez-obrador-18/
27/03/19,https://lopezobrador.org.mx/2019/03/27/version-estenografica-de-la-conferencia-de-prensa-matutina-del-presidente-andres-manuel-lopez-obrador-desde-tijuana-baja-california/
28/03/19,https://lopezobrador.org.mx/2019/03/28/version-estenografica-de-la-conferencia-de-prensa-matutina-del-presidente-andres-manuel-lopez-obrador-55/
29/03/19,https://lopezobrador.org.mx/2019/03/29/version-estenografica-de-la-conferencia-de-prensa-matutina-del-presidente-andres-manuel-lopez-obrador-56/
01/04/19,https://lopezobrador.org.mx/2019/04/01/version-estenografica-de-la-conferencia-de-prensa-matutina-del-presidente-andres-manuel-lopez-obrador-57/
02/04/19,https://lopezobrador.org.mx/2019/04/02/version-estenografica-de-la-conferencia-de-prensa-matutina-del-presidente-andres-manuel-lopez-obrador-58/
03/04/19,https://lopezobrador.org.mx/2019/04/03/version-estenografica-de-la-conferencia-de-prensa-matutina-del-presidente-andres-manuel-lopez-obrador-59/
04/04/19,https://lopezobrador.org.mx/2019/04/04/version-estenografica-de-la-conferencia-de-prensa-matutina-del-presidente-andres-manuel-lopez-obrador-60/
05/04/19,https://lopezobrador.org.mx/2019/04/05/version-estenografica-de-la-conferencia-de-prensa-matutina-del-presidente-andres-manuel-lopez-obrador-desde-jalisco/
08/04/19,https://lopezobrador.org.mx/2019/04/08/version-estenografica-de-la-conferencia-de-prensa-matutina-del-presidente-andres-manuel-lopez-obrador-61/
09/04/19,https://lopezobrador.org.mx/2019/04/09/version-estenografica-de-la-conferencia-de-prensa-matutina-y-el-encuentro-con-la-alta-comisionada-de-las-naciones-unidas-para-los-derechos-humanos-michelle-bachelete/
10/04/19,https://lopezobrador.org.mx/2019/04/10/version-estenografica-de-la-conferencia-de-prensa-matutina-del-presidente-andres-manuel-lopez-obrador-62/
11/04/19,https://lopezobrador.org.mx/2019/04/11/version-estenografica-de-la-conferencia-de-prensa-matutina-del-presidente-andres-manuel-lopez-obrador-63/
12/04/19,https://lopezobrador.org.mx/2019/04/12/version-estenografica-de-la-conferencia-de-prensa-matutina-del-presidente-andres-manuel-lopez-obrador-64/
15/04/19,https://lopezobrador.org.mx/2019/04/15/version-estenografica-de-la-conferencia-de-prensa-matutina-del-presidente-andres-manuel-lopez-obrador-65/
16/04/19,https://lopezobrador.org.mx/2019/04/16/version-estenografica-de-la-conferencia-de-prensa-matutina-del-presidente-andres-manuel-lopez-obrador-66/
17/04/19,https://lopezobrador.org.mx/2019/04/17/version-estenografica-de-la-conferencia-de-prensa-matutina-del-presidente-andres-manuel-lopez-obrador-67/
22/04/19,https://lopezobrador.org.mx/2019/04/22/version-estenografica-de-la-conferencia-de-prensa-matutina-del-presidente-andres-manuel-lopez-obrador-en-veracruz-veracruz/
23/04/19,https://lopezobrador.org.mx/2019/04/23/version-estenografica-de-la-conferencia-de-prensa-matutina-del-presidente-andres-manuel-lopez-obrador-68/
24/04/19,https://lopezobrador.org.mx/2019/04/24/version-estenografica-de-la-conferencia-de-prensa-matutina-del-presidente-andres-manuel-lopez-obrador-69/
25/04/19,https://lopezobrador.org.mx/2019/04/25/version-estenografica-de-la-conferencia-de-prensa-matutina-del-presidente-andres-manuel-lopez-obrador-70/
26/04/19,https://lopezobrador.org.mx/2019/04/26/version-estenografica-de-la-conferencia-de-prensa-matutina-del-presidente-andres-manuel-lopez-obrador-71/
29/04/19,https://lopezobrador.org.mx/2019/04/29/version-estenografica-de-la-conferencia-de-prensa-matutina-del-presidente-andres-manuel-lopez-obrador-72/
30/04/19,https://lopezobrador.org.mx/2019/04/30/version-estenografica-de-la-conferencia-de-prensa-matutina-del-presidente-andres-manuel-lopez-obrador-73/
01/05/19,https://lopezobrador.org.mx/2019/05/01/version-estenografica-de-la-conferencia-de-prensa-matutina-del-presidente-andres-manuel-lopez-obrador-74/
02/05/19,https://lopezobrador.org.mx/2019/05/02/version-estenografica-de-la-conferencia-de-prensa-matutina-del-presidente-andres-manuel-lopez-obrador-75/
03/05/19,https://lopezobrador.org.mx/2019/05/03/version-estenografica-de-la-conferencia-de-prensa-matutina-del-presidente-andres-manuel-lopez-obrador-76/
06/05/19,https://lopezobrador.org.mx/2019/05/06/version-estenografica-de-la-conferencia-de-prensa-matutina-del-presidente-andres-manuel-lopez-obrador-77/
07/05/19,https://lopezobrador.org.mx/2019/05/07/version-estenografica-de-la-conferencia-de-prensa-matutina-del-presidente-andres-manuel-lopez-obrador-78/
08/05/19,https://lopezobrador.org.mx/2019/05/08/conferencia-de-prensa-matutina-del-presidente-andres-manuel-lopez-obrador-desde-zapotlan-de-juarez-hidalgo/
09/05/19,https://lopezobrador.org.mx/2019/05/09/version-estenografica-de-la-conferencia-de-prensa-del-presidente-andres-manuel-lopez-obrador-19/
10/05/19,https://lopezobrador.org.mx/2019/05/10/version-estenografica-de-la-conferencia-de-prensa-matutina-del-presidente-andres-manuel-lopez-obrador-79/
13/05/19,https://lopezobrador.org.mx/2019/05/13/version-estenografica-de-la-conferencia-de-prensa-matutina-del-presidente-andres-manuel-lopez-obrador-80/
14/05/19,https://lopezobrador.org.mx/2019/05/14/version-estenografica-de-la-conferencia-de-prensa-matutina-del-presidente-andres-manuel-lopez-obrador-81/
15/05/19,https://lopezobrador.org.mx/2019/05/15/version-estenografica-de-la-conferencia-de-prensa-matutina-del-presidente-andres-manuel-lopez-obrador-82/
16/05/19,https://lopezobrador.org.mx/2019/05/16/version-estenografica-de-la-conferencia-de-prensa-matutina-del-presidente-andres-manuel-lopez-obrador-83/
17/05/19,https://lopezobrador.org.mx/2019/05/17/version-estenografica-de-la-conferencia-de-prensa-matutina-del-presidente-andres-manuel-lopez-obrador-84/
20/05/19,https://lopezobrador.org.mx/2019/05/20/version-estenografica-de-la-conferencia-de-prensa-matutina-del-presidente-andres-manuel-lopez-obrador-85/
21/05/19,https://lopezobrador.org.mx/2019/05/21/version-estenografica-de-la-conferencia-de-prensa-matutina-del-presidente-andres-manuel-lopez-obrador-86/
22/05/19,https://lopezobrador.org.mx/2019/05/22/version-estenografica-de-la-conferencia-de-prensa-matutina-del-presidente-andres-manuel-lopez-obrador-87/
23/05/19,https://lopezobrador.org.mx/2019/05/23/version-estenografica-de-la-conferencia-de-prensa-matutina-del-presidente-andres-manuel-lopez-obrador-88/
24/05/19,https://lopezobrador.org.mx/2019/05/24/version-estenografica-de-la-conferencia-de-prensa-matutina-del-presidente-andres-manuel-lopez-obrador-89/
27/05/19,https://lopezobrador.org.mx/2019/05/27/version-estenografica-de-la-conferencia-de-prensa-matutina-del-presidente-andres-manuel-lopez-obrador-90/
28/05/19,https://lopezobrador.org.mx/2019/05/28/version-estenografica-de-la-conferencia-de-prensa-matutina-del-presidente-andres-manuel-lopez-obrador-91/
29/05/19,https://lopezobrador.org.mx/2019/05/29/version-estenografica-de-la-conferencia-de-prensa-matutina-del-presidente-andres-manuel-lopez-obrador-92/
30/05/19,https://lopezobrador.org.mx/2019/05/30/version-estenografica-de-la-conferencia-de-prensa-matutina-del-presidente-andres-manuel-lopez-obrador-93/
31/05/19,https://lopezobrador.org.mx/2019/05/31/version-estenografica-de-la-conferencia-de-prensa-matutina-del-presidente-andres-manuel-lopez-obrador-94/
01/06/19,https://lopezobrador.org.mx/2019/06/01/version-estenografica-de-la-conferencia-de-prensa-matutina-del-presidente-andres-manuel-lopez-obrador-desde-veracruz-veracruz/
03/06/19,https://lopezobrador.org.mx/2019/06/03/version-estenografica-de-la-conferencia-de-prensa-matutina-del-presidente-andres-manuel-lopez-obrador-95/
04/06/19,https://lopezobrador.org.mx/2019/06/04/version-estenografica-de-la-conferencia-de-prensa-matutina-del-presidente-andres-manuel-lopez-obrador-96/
05/06/19,https://lopezobrador.org.mx/2019/06/05/version-estenografica-de-la-conferencia-de-prensa-matutina-del-presidente-andres-manuel-lopez-obrador-97/
06/06/19,https://lopezobrador.org.mx/2019/06/06/version-estenografica-de-la-conferencia-de-prensa-matutina-del-presidente-andres-manuel-lopez-obrador-98/
07/06/19,https://lopezobrador.org.mx/2019/06/07/version-estenografica-de-la-conferencia-de-prensa-matutina-del-presidente-andres-manuel-lopez-obrador-99/
10/06/19,https://lopezobrador.org.mx/2019/06/10/version-estenografica-de-la-conferencia-de-prensa-matutina-del-presidente-andres-manuel-lopez-obrador-100/
11/06/19,https://lopezobrador.org.mx/2019/06/11/version-estenografica-de-la-conferencia-de-prensa-matutina-del-presidente-andres-manuel-lopez-obrador-101/
12/06/19,https://lopezobrador.org.mx/2019/06/12/version-estenografica-de-la-conferencia-de-prensa-matutina-del-presidente-andres-manuel-lopez-obrador-102/
13/06/19,https://lopezobrador.org.mx/2019/06/13/version-estenografica-de-la-conferencia-de-prensa-matutina-del-presidente-andres-manuel-lopez-obrador-103/
14/06/19,https://lopezobrador.org.mx/2019/06/14/version-estenografica-de-la-conferencia-de-prensa-matutina-del-presidente-andres-manuel-lopez-obrador-104/
17/06/19,https://lopezobrador.org.mx/2019/06/17/version-estenografica-de-la-conferencia-de-prensa-matutina-del-presidente-andres-manuel-lopez-obrador-105/
18/06/19,https://lopezobrador.org.mx/2019/06/18/version-estenografica-de-la-conferencia-de-prensa-matutina-del-presidente-andres-manuel-lopez-obrador-106/
19/06/19,https://lopezobrador.org.mx/2019/06/19/118301/
20/06/19,https://lopezobrador.org.mx/2019/06/20/version-estenografica-de-la-conferencia-de-prensa-matutina-del-presidente-andres-manuel-lopez-obrador-107/
21/06/19,https://lopezobrador.org.mx/2019/06/21/version-estenografica-de-la-conferencia-de-prensa-matutina-del-presidente-andres-manuel-lopez-obrador-108/
24/06/19,https://lopezobrador.org.mx/2019/06/24/version-estenografica-de-la-conferencia-de-prensa-matutina-del-presidente-andres-manuel-lopez-obrador-en-cancun-quintana-roo/
25/06/19,https://lopezobrador.org.mx/2019/06/25/version-estenografica-de-la-conferencia-de-prensa-matutina-del-presidente-andres-manuel-lopez-obrador-109/
26/06/19,https://lopezobrador.org.mx/2019/06/26/version-estenografica-de-la-conferencia-de-prensa-matutina-del-presidente-andres-manuel-lopez-obrador-110/
27/06/19,https://lopezobrador.org.mx/2019/06/27/version-estenografica-de-la-conferencia-de-prensa-matutina-del-presidente-andres-manuel-lopez-obrador-111/
28/06/19,https://lopezobrador.org.mx/2019/06/28/version-estenografica-de-la-conferencia-de-prensa-matutina-del-presidente-andres-manuel-lopez-obrador-112/
Inauguración guardia nacional,https://lopezobrador.org.mx/2019/06/30/version-estenografica-ceremonia-de-inauguracion-de-la-guardia-nacional-en-campo-marte/
01/07/19,https://lopezobrador.org.mx/2019/07/01/discurso-de-andres-manuel-lopez-obrador-presidente-constitucional-de-los-estados-unidos-mexicanos-en-su-segundo-informe-trimestral/
02/07/19,https://lopezobrador.org.mx/2019/07/02/version-estenografica-de-la-conferencia-de-prensa-matutina-del-presidente-andres-manuel-lopez-obrador-113/
03/07/19,https://lopezobrador.org.mx/2019/07/03/version-estenografica-de-la-conferencia-de-prensa-matutina-del-presidente-andres-manuel-lopez-obrador-114/
04/07/19,https://lopezobrador.org.mx/2019/07/04/version-estenografica-de-la-conferencia-de-prensa-matutina-del-presidente-andres-manuel-lopez-obrador-115/
05/07/19,https://lopezobrador.org.mx/2019/07/05/version-estenografica-de-la-conferencia-de-prensa-matutina-del-presidente-andres-manuel-lopez-obrador-116/
08/06/19,https://lopezobrador.org.mx/2019/07/08/version-estenografica-de-la-conferencia-de-prensa-matutina-del-presidente-andres-manuel-lopez-obrador-117/
09/06/19,https://lopezobrador.org.mx/2019/07/09/version-estenografica-de-la-conferencia-de-prensa-matutina-del-presidente-andres-manuel-lopez-obrador-118/
10/06/19,https://lopezobrador.org.mx/2019/07/10/version-estenografica-de-la-conferencia-de-prensa-matutina-del-presidente-andres-manuel-lopez-obrador-119/
11/06/19,https://lopezobrador.org.mx/2019/07/11/version-estenografica-de-la-conferencia-de-prensa-del-presidente-andres-manuel-lopez-obrador-20/
12/06/19,https://lopezobrador.org.mx/2019/07/12/version-estenografica-de-la-conferencia-de-prensa-matutina-del-presidente-andres-manuel-lopez-obrador-120/
15/07/19,https://lopezobrador.org.mx/2019/07/15/version-estenografica-de-la-conferencia-de-prensa-matutina-del-presidente-andres-manuel-lopez-obrador-121/
16/07/19,https://lopezobrador.org.mx/2019/07/16/version-estenografica-de-la-conferencia-de-prensa-matutina-del-presidente-andres-manuel-lopez-obrador-122/
17/07/19,https://lopezobrador.org.mx/2019/07/17/version-estenografica-de-la-conferencia-de-prensa-matutina-del-presidente-andres-manuel-lopez-obrador-123/
18/07/19,https://lopezobrador.org.mx/2019/07/18/version-estenografica-de-la-conferencia-de-prensa-matutina-del-presidente-andres-manuel-lopez-obrador-124/
19/07/19,https://lopezobrador.org.mx/2019/07/19/version-estenografica-de-la-conferencia-de-prensa-matutina-del-presidente-andres-manuel-lopez-obrador-125/
22/07/19,https://lopezobrador.org.mx/2019/07/22/version-estenografica-de-la-conferencia-de-prensa-matutina-del-presidente-andres-manuel-lopez-obrador-126/
23/07/19,https://lopezobrador.org.mx/2019/07/23/version-estenografica-de-la-conferencia-de-prensa-matutina-del-presidente-andres-manuel-lopez-obrador-127/
24/07/19,https://lopezobrador.org.mx/2019/07/24/version-estenografica-de-la-conferencia-de-prensa-matutina-del-presidente-andres-manuel-lopez-obrador-128/
25/07/19,https://lopezobrador.org.mx/2019/07/25/version-estenografica-de-la-conferencia-de-prensa-matutina-del-presidente-andres-manuel-lopez-obrador-129/
26/07/19,https://lopezobrador.org.mx/2019/07/26/version-estenografica-de-la-conferencia-de-prensa-matutina-del-presidente-andres-manuel-lopez-obrador-130/
29/07/19,https://lopezobrador.org.mx/2019/07/29/version-estenografica-de-la-conferencia-de-prensa-matutina-del-presidente-andres-manuel-lopez-obrado/
30/07/19,https://lopezobrador.org.mx/2019/07/30/version-estenografica-de-la-conferencia-de-prensa-matutina-del-presidente-andres-manuel-lopez-obrador-131/
31/07/19,https://lopezobrador.org.mx/2019/07/31/version-estenografica-de-la-conferencia-de-prensa-matutina-del-presidente-andres-manuel-lopez-obrador-132/
01/08/19,https://lopezobrador.org.mx/2019/08/01/version-estenografica-de-la-conferencia-de-prensa-matutina-del-presidente-andres-manuel-lopez-obrador-133/
02/08/19,https://lopezobrador.org.mx/2019/08/02/version-estenografica-de-la-conferencia-de-prensa-matutina-del-presidente-andres-manuel-lopez-obrador-134/
05/08/19,https://lopezobrador.org.mx/2019/08/05/version-estenografica-de-la-conferencia-de-prensa-matutina-del-presidente-andres-manuel-lopez-obrador-135/
06/08/19,https://lopezobrador.org.mx/2019/08/06/120202/
07/08/19,https://lopezobrador.org.mx/2019/08/07/version-estenografica-de-la-conferencia-de-prensa-matutina-del-presidente-andres-manuel-lopez-obrador-136/
08/08/19,https://lopezobrador.org.mx/2019/08/08/version-estenografica-de-la-conferencia-de-prensa-matutina-del-presidente-andres-manuel-lopez-obrador-137/
09/08/19,https://lopezobrador.org.mx/2019/08/09/version-estenografica-de-la-conferencia-de-prensa-matutina-del-presidente-andres-manuel-lopez-obrador-en-durango/
12/08/19,https://lopezobrador.org.mx/2019/08/12/version-estenografica-de-la-conferencia-de-prensa-matutina-del-presidente-andres-manuel-lopez-obrador-138/
13/08/19,https://lopezobrador.org.mx/2019/08/13/version-estenografica-de-la-conferencia-de-prensa-matutina-del-presidente-andres-manuel-lopez-obrador-139/
14/08/19,https://lopezobrador.org.mx/2019/08/14/version-estenografica-de-la-conferencia-de-prensa-matutina-del-presidente-andres-manuel-lopez-obrador-140/
15/08/19,https://lopezobrador.org.mx/2019/08/15/version-estenografica-de-la-conferencia-de-prensa-matutina-del-presidente-andres-manuel-lopez-obrador-141/
16/08/19,https://lopezobrador.org.mx/2019/08/16/version-estenografica-de-la-conferencia-de-prensa-matutina-del-presidente-andres-manuel-lopez-obrador-142/
19/08/19,https://lopezobrador.org.mx/2019/08/19/version-estenografica-de-la-conferencia-de-prensa-matutina-del-presidente-andres-manuel-lopez-obrador-143/
20/08/19,https://lopezobrador.org.mx/2019/08/20/version-estenografica-de-la-conferencia-de-prensa-matutina-del-presidente-andres-manuel-lopez-obrador-144/
21/08/19,https://lopezobrador.org.mx/2019/08/21/version-estenografica-de-la-conferencia-de-prensa-matutina-del-presidente-andres-manuel-lopez-obrador-145/
22/08/19,https://lopezobrador.org.mx/2019/08/22/version-estenografica-de-la-conferencia-de-prensa-matutina-del-presidente-andres-manuel-lopez-obrador-146/
23/08/19,https://lopezobrador.org.mx/2019/08/23/version-estenografica-de-la-conferencia-de-prensa-matutina-del-presidente-andres-manuel-lopez-obrador-en-villahermosa-tabasco/
26/08/19,https://lopezobrador.org.mx/2019/08/26/version-estenografica-de-la-conferencia-de-prensa-matutina-de-presidente-andres-manuel-lopez-obrador/
27/08/19,https://lopezobrador.org.mx/2019/08/27/version-estenografica-de-la-conferencia-de-prensa-matutina-del-presidente-andres-manuel-lopez-obrador-147/
28/08/19,https://lopezobrador.org.mx/2019/08/28/version-estenografica-de-la-conferencia-de-prensa-matutina-del-presidente-andres-manuel-lopez-obrador-148/
29/08/19,https://lopezobrador.org.mx/2019/08/29/version-estenografica-de-la-conferencia-de-prensa-matutina-del-presidente-andres-manuel-lopez-obrador-149/
30/08/19,https://lopezobrador.org.mx/2019/08/30/version-estenografica-de-la-conferencia-de-prensa-matutina-del-presidente-andres-manuel-lopez-obrador-150/
Primer informe de gobierno,https://lopezobrador.org.mx/2019/09/01/discurso-del-lic-andres-manuel-lopez-obrador-presidente-constitucional-de-los-estados-unidos-mexicanos-en-su-primer-informe-de-gobierno/
02/09/19,https://lopezobrador.org.mx/2019/09/02/version-estenografica-de-la-conferencia-de-prensa-matutina-del-presidente-andres-manuel-lopez-obrador-en-hermosillo-sonora/
03/09/19,https://lopezobrador.org.mx/2019/09/03/version-estenografica-de-la-conferencia-de-prensa-matutina-del-presidente-andres-manuel-lopez-obrador-151/
04/09/19,https://lopezobrador.org.mx/2019/09/04/version-estenografica-de-la-conferencia-de-prensa-matutina-del-presidente-andres-manuel-lopez-obrador-152/
05/09/19,https://lopezobrador.org.mx/2019/09/05/version-estenografica-de-la-conferencia-de-prensa-matutina-del-presidente-andres-manuel-lopez-obrador-153/
06/09/19,https://lopezobrador.org.mx/2019/09/06/version-estenografica-de-la-conferencia-de-prensa-matutina-del-presidente-andres-manuel-lopez-obrador-154/
09/09/19,https://lopezobrador.org.mx/2019/09/09/version-estenografica-de-la-conferencia-de-prensa-matutina-del-presidente-andres-manuel-lopez-obrador-155/
10/09/19,https://lopezobrador.org.mx/2019/09/10/version-estenografica-de-la-conferencia-de-prensa-matutina-del-presidente-andres-manuel-lopez-obrador-156/
11/09/19,https://lopezobrador.org.mx/2019/09/11/version-estenografica-de-la-conferencia-de-prensa-matutina-del-presidente-andres-manuel-lopez-obrador-157/
12/09/19,https://lopezobrador.org.mx/2019/09/12/version-estenografica-de-la-conferencia-de-prensa-matutina-del-presidente-andres-manuel-lopez-obrador-158/
13/09/19,https://lopezobrador.org.mx/2019/09/13/version-estenografica-de-la-conferencia-de-prensa-matutina-del-presidente-andres-manuel-lopez-obrador-159/
17/09/19,https://lopezobrador.org.mx/2019/09/17/conferencia-de-prensa-matutina-del-presidente-andres-manuel-lopez-obrador/
18/09/19,https://lopezobrador.org.mx/2019/09/18/version-estenografica-de-la-conferencia-de-prensa-matutina-del-presidente-andres-manuel-lopez-obrador-160/
19/09/19,https://lopezobrador.org.mx/2019/09/19/version-estenografica-conmemoracion-de-las-victimas-de-los-sismos-de-1985-y-2017/
20/09/19,https://lopezobrador.org.mx/2019/09/20/version-estenografica-de-la-conferencia-de-prensa-matutina-del-presidente-andres-manuel-lopez-obrador-en-merida-yucatan/
23/09/19,https://lopezobrador.org.mx/2019/09/23/version-estenografica-de-la-conferencia-de-prensa-matutina-del-presidente-andres-manuel-lopez-obrador-161/
24/09/19,https://lopezobrador.org.mx/2019/09/24/version-estenografica-de-la-conferencia-de-prensa-matutina-del-presidente-andres-manuel-lopez-obrador-162/
25/09/19,https://lopezobrador.org.mx/2019/09/25/version-estenografica-de-la-conferencia-de-prensa-matutina-del-presidente-andres-manuel-lopez-obrador-163/
26/09/19,https://lopezobrador.org.mx/2019/09/26/version-estenografica-de-la-conferencia-de-prensa-matutina-del-presidente-andres-manuel-lopez-obrador-164/
27/09/19,https://lopezobrador.org.mx/2019/09/27/version-estenografica-de-la-conferencia-de-prensa-matutina-del-presidente-andres-manuel-lopez-obrador-165/
30/09/19,https://lopezobrador.org.mx/2019/09/30/version-estenografica-de-la-conferencia-de-prensa-matutina-del-presidente-andres-manuel-lopez-obrador-166/
01/10/19,https://lopezobrador.org.mx/2019/10/01/version-estenografica-de-la-conferencia-de-prensa-matutina-del-presidente-andres-manuel-lopez-obrador-167/
02/10/19,https://lopezobrador.org.mx/2019/10/02/version-estenografica-de-la-conferencia-de-prensa-matutina-del-presidente-andres-manuel-lopez-obrador-168/
03/10/19,https://lopezobrador.org.mx/2019/10/03/version-estenografica-de-la-conferencia-de-prensa-matutina-del-presidente-andres-manuel-lopez-obrador-169/
04/10/19,https://lopezobrador.org.mx/2019/10/04/version-estenografica-de-la-conferencia-de-prensa-matutina-del-presidente-andres-manuel-lopez-obrador-en-puebla-puebla/
07/09/19,https://lopezobrador.org.mx/2019/10/07/version-estenografica-de-la-conferencia-de-prensa-matutina-del-presidente-andres-manuel-lopez-obrador-170/
08/09/19,https://lopezobrador.org.mx/2019/10/08/version-estenografica-de-la-conferencia-de-prensa-matutina-del-presidente-andres-manuel-lopez-obrador-171/
09/09/19,https://lopezobrador.org.mx/2019/10/09/version-estenografica-de-la-conferencia-de-prensa-matutina-del-presidente-andres-manuel-lopez-obrador-172/
10/09/19,https://lopezobrador.org.mx/2019/10/10/version-estenografica-de-la-conferencia-de-prensa-matutina-del-presidente-andres-manuel-lopez-obrador-173/
11/09/19,https://lopezobrador.org.mx/2019/10/11/version-estenografica-de-la-conferencia-de-prensa-matutina-del-presidente-andres-manuel-lopez-obrador-174/
14/10/19,https://lopezobrador.org.mx/2019/10/14/version-estenografica-de-la-conferencia-de-prensa-matutina-del-presidente-andres-manuel-lopez-obrador-175/
15/10/19,https://lopezobrador.org.mx/2019/10/15/version-estenografica-de-la-conferencia-de-prensa-matutina-del-presidente-andres-manuel-lopez-obrador-176/
16/10/19,https://lopezobrador.org.mx/2019/10/16/version-estenografica-de-la-conferencia-de-prensa-matutina-del-presidente-andres-manuel-lopez-obrador-177/
17/10/19,https://lopezobrador.org.mx/2019/10/17/version-estenografica-de-la-conferencia-de-prensa-matutina-del-presidente-andres-manuel-lopez-obrador-178/
18/10/19,https://lopezobrador.org.mx/2019/10/18/version-estenografica-de-la-conferencia-de-prensa-matutina-del-presidente-andres-manuel-lopez-obrador-en-oaxaca/
21/10/19,https://lopezobrador.org.mx/2019/10/21/version-estenografica-de-la-conferencia-de-prensa-matutina-del-presidente-andres-manuel-lopez-obrador-179/
22/10/19,https://lopezobrador.org.mx/2019/10/22/version-estenografica-de-la-conferencia-de-prensa-matutina-del-presidente-andres-manuel-lopez-obrador-180/
23/10/19,https://lopezobrador.org.mx/2019/10/23/version-estenografica-de-la-conferencia-de-prensa-matutina-del-presidente-andres-manuel-lopez-obrador-181/
24/10/19,https://lopezobrador.org.mx/2019/10/24/version-estenografica-de-la-conferencia-de-prensa-matutina-del-presidente-andres-manuel-lopez-obrador-182/
25/10/19,https://lopezobrador.org.mx/2019/10/25/version-estenografica-de-la-conferencia-de-prensa-matutina-del-presidente-andres-manuel-lopez-obrador-183/
28/10/19,https://lopezobrador.org.mx/2019/10/28/version-estenografica-de-la-conferencia-de-prensa-matutina-del-presidente-andres-manuel-lopez-obrador-184/
29/10/19,https://lopezobrador.org.mx/2019/10/29/version-estenografica-de-la-conferencia-de-prensa-matutina-del-presidente-andres-manuel-lopez-obrador-185/
30/10/19,https://lopezobrador.org.mx/2019/10/30/version-estenografica-de-la-conferencia-de-prensa-matutina-del-presidente-andres-manuel-lopez-obrador-186/
31/10/19,https://lopezobrador.org.mx/2019/10/31/version-estenografica-de-la-conferencia-de-prensa-matutina-del-presidente-andres-manuel-lopez-obrador-187/
1/11/19,https://lopezobrador.org.mx/2019/11/01/version-estenografica-de-la-conferencia-de-prensa-matutina-del-presidente-andres-manuel-lopez-obrador-188/
04/11/19,https://lopezobrador.org.mx/2019/11/04/version-estenografica-de-la-conferencia-de-prensa-matutina-del-presidente-andres-manuel-lopez-obrador-189/
05/11/19,https://lopezobrador.org.mx/2019/11/05/version-estenografica-de-la-conferencia-de-prensa-matutina-del-presidente-andres-manuel-lopez-obrador-190/
06/11/19,https://lopezobrador.org.mx/2019/11/06/version-estenografica-de-la-conferencia-de-prensa-matutina-del-presidente-andres-manuel-lopez-obrador-191/
07/11/19,https://lopezobrador.org.mx/2019/11/07/version-estenografica-de-la-conferencia-de-prensa-matutina-del-presidente-andres-manuel-lopez-obrador-192/
08/11/19,https://lopezobrador.org.mx/2019/11/08/version-estenografica-de-la-conferencia-de-prensa-matutina-del-presidente-andres-manuel-lopez-obrador-193/
11/11/19,https://lopezobrador.org.mx/2019/11/11/version-estenografica-de-la-conferencia-de-prensa-matutina-del-presidente-andres-manuel-lopez-obrador-194/
12/11/19,https://lopezobrador.org.mx/2019/11/12/version-estenografica-de-la-conferencia-de-prensa-matutina-del-presidente-andres-manuel-lopez-obrador-195/
13/11/19,https://lopezobrador.org.mx/2019/11/13/version-estenografica-de-la-conferencia-de-prensa-matutina-del-presidente-andres-manuel-lopez-obrador-196/
14/11/19,https://lopezobrador.org.mx/2019/11/14/version-estenografica-de-la-conferencia-de-prensa-matutina-del-presidente-andres-manuel-lopez-obrador-197/
15/11/19,https://lopezobrador.org.mx/2019/11/15/version-estenografica-de-la-conferencia-de-prensa-matutina-del-presidente-andres-manuel-lopez-obrador-198/
18/11/19,https://lopezobrador.org.mx/2019/11/18/version-estenografica-de-la-conferencia-de-prensa-matutina-del-presidente-andres-manuel-lopez-obrador-199/
19/11/19,https://lopezobrador.org.mx/2019/11/19/version-estenografica-de-la-conferencia-de-prensa-matutina-del-presidente-andres-manuel-lopez-obrador-200/
21/11/19,https://lopezobrador.org.mx/2019/11/21/version-estenografica-de-la-conferencia-de-prensa-matutina-del-presidente-andres-manuel-lopez-obrador-201/
22/11/19,https://lopezobrador.org.mx/2019/11/22/version-estenografica-de-la-conferencia-de-prensa-matutina-del-presidente-andres-manuel-lopez-obrador-202/
25/11/19,https://lopezobrador.org.mx/2019/11/25/version-estenografica-de-la-conferencia-de-prensa-matutina-del-presidente-andres-manuel-lopez-obrador-203/
26/11/19,https://lopezobrador.org.mx/2019/11/26/version-estenografica-de-la-conferencia-de-prensa-matutina-del-presidente-andres-manuel-lopez-obrador-204/
27/11/19,https://lopezobrador.org.mx/2019/11/27/version-estenografica-de-la-conferencia-de-prensa-matutina-del-presidente-andres-manuel-lopez-obrador-205/
28/11/19,https://lopezobrador.org.mx/2019/11/28/version-estenografica-de-la-conferencia-de-prensa-matutina-del-presidente-andres-manuel-lopez-obrador-206/
29/11/19,https://lopezobrador.org.mx/2019/11/29/version-estenografica-de-la-conferencia-de-prensa-matutina-del-presidente-andres-manuel-lopez-obrador-207/
Primer año de gobierno,https://lopezobrador.org.mx/2019/12/01/discurso-informe-primer-ano-de-gobierno/
02/12/19,https://lopezobrador.org.mx/2019/12/02/version-estenografica-de-la-conferencia-de-prensa-matutina-del-presidente-andres-manuel-lopez-obrador-208/
03/12/19,https://lopezobrador.org.mx/2019/12/03/version-estenografica-de-la-conferencia-de-prensa-matutina-del-presidente-andres-manuel-lopez-obrador-209/
04/12/19,https://lopezobrador.org.mx/2019/12/04/version-estenografica-de-la-conferencia-de-prensa-matutina-del-presidente-andres-manuel-lopez-obrador-210/
05/12/19,https://lopezobrador.org.mx/2019/12/05/version-estenografica-de-la-conferencia-de-prensa-matutina-del-presidente-andres-manuel-lopez-obrador-211/
06/12/19,https://lopezobrador.org.mx/2019/12/06/version-estenografica-de-la-conferencia-de-prensa-matutina-del-presidente-andres-manuel-lopez-obrador-212/
9/12/19,https://lopezobrador.org.mx/2019/12/09/version-estenografica-de-la-conferencia-de-prensa-matutina-del-presidente-andres-manuel-lopez-obrador-213/
10/12/19,https://lopezobrador.org.mx/2019/12/10/version-estenografica-de-la-conferencia-de-prensa-matutina-del-presidente-andres-manuel-lopez-obrador-214/
11/12/19,https://lopezobrador.org.mx/2019/12/11/version-estenografica-de-la-conferencia-de-prensa-matutina-del-presidente-andres-manuel-lopez-obrador-215/
12/12/19,https://lopezobrador.org.mx/2019/12/12/version-estenografica-de-la-conferencia-de-prensa-matutina-del-presidente-andres-manuel-lopez-obrador-216/
13/12/19,https://lopezobrador.org.mx/2019/12/13/version-estenografica-de-la-conferencia-de-prensa-matutina-del-presidente-andres-manuel-lopez-obrador-217/
16/12/19,https://lopezobrador.org.mx/2019/12/16/version-estenografica-de-la-conferencia-de-prensa-matutina-del-presidente-andres-manuel-lopez-obrador-2-2/
17/12/19,https://lopezobrador.org.mx/2018/12/17/version-estenografica-de-la-conferencia-de-prensa-matutina-del-presidente-andres-manuel-lopez-obrador-5/
18/12/19,https://lopezobrador.org.mx/2018/12/18/version-estenografica-de-la-conferencia-de-prensa-matutina-del-presidente-andres-manuel-lopez-obrador-6/
19/12/19,https://lopezobrador.org.mx/2019/12/19/version-estenografica-de-la-conferencia-de-prensa-matutina-del-presidente-andres-manuel-lopez-obrador-220/
20/12/19,https://lopezobrador.org.mx/2019/12/20/version-estenografica-de-la-conferencia-de-prensa-matutina-del-presidente-andres-manuel-lopez-obrador-221/
23/12/19,https://lopezobrador.org.mx/2019/12/23/version-estenografica-de-la-conferencia-de-prensa-matutina-del-presidente-andres-manuel-lopez-obrador-222/
24/12/19,https://lopezobrador.org.mx/2019/12/24/version-estenografica-de-la-conferencia-de-prensa-matutina-del-presidente-andres-manuel-lopez-obrador-223/
26/12/19,https://lopezobrador.org.mx/2019/12/26/version-estenografica-de-la-conferencia-de-prensa-matutina-del-presidente-andres-manuel-lopez-obrador-224/
27/12/19,https://lopezobrador.org.mx/2019/12/27/version-estenografica-de-la-conferencia-de-prensa-matutina-del-presidente-andres-manuel-lopez-obrador-225/
02/01/20,https://lopezobrador.org.mx/2020/01/02/version-estenografica-de-la-conferencia-de-prensa-matutina-del-presidente-andres-manuel-lopez-obrador-226/
03/01/20,https://lopezobrador.org.mx/2020/01/03/version-estenografica-de-la-conferencia-de-prensa-matutina-del-presidente-andres-manuel-lopez-obrador-227/
06/01/20,https://lopezobrador.org.mx/2020/01/06/version-estenografica-de-la-conferencia-de-prensa-matutina-del-presidente-andres-manuel-lopez-obrador-228/
07/01/20,https://lopezobrador.org.mx/2020/01/07/version-estenografica-de-la-conferencia-de-prensa-matutina-del-presidente-andres-manuel-lopez-obrador-229/
08/01/20,https://lopezobrador.org.mx/2020/01/08/version-estenografica-de-la-conferencia-de-prensa-matutina-del-presidente-andres-manuel-lopez-obrador-230/
09/01/20,https://lopezobrador.org.mx/2020/01/09/version-estenografica-de-la-conferencia-de-prensa-matutina-del-presidente-andres-manuel-lopez-obrador-231/
10/01/20,https://lopezobrador.org.mx/2020/01/10/version-estenografica-de-la-conferencia-de-prensa-matutina-del-presidente-andres-manuel-lopez-obrador-232/
13/01/20,https://lopezobrador.org.mx/2020/01/13/version-estenografica-de-la-conferencia-de-prensa-matutina-del-presidente-andres-manuel-lopez-obrador-233/
14/01/20,https://lopezobrador.org.mx/2020/01/14/version-estenografica-de-la-conferencia-de-prensa-matutina-del-presidente-andres-manuel-lopez-obrador-234/
15/01/20,https://lopezobrador.org.mx/2020/01/15/version-estenografica-de-la-conferencia-de-prensa-matutina-del-presidente-andres-manuel-lopez-obrador-235/
16/01/20,https://lopezobrador.org.mx/2020/01/16/version-estenografica-de-la-conferencia-de-prensa-matutina-del-presidente-andres-manuel-lopez-obrador-236/
17/01/20,https://lopezobrador.org.mx/2020/01/17/version-estenografica-de-la-conferencia-de-prensa-matutina-del-presidente-andres-manuel-lopez-obrador-237/
20/01/20,https://lopezobrador.org.mx/2020/01/20/version-estenografica-de-la-conferencia-de-prensa-matutina-del-presidente-andres-manuel-lopez-obrador-238/
21/01/20,https://lopezobrador.org.mx/2020/01/21/version-estenografica-de-la-conferencia-de-prensa-matutina-del-presidente-andres-manuel-lopez-obrador-239/
22/01/20,https://lopezobrador.org.mx/2020/01/22/version-estenografica-de-la-conferencia-de-prensa-matutina-del-presidente-andres-manuel-lopez-obrador-240/
23/01/20,https://lopezobrador.org.mx/2020/01/23/version-estenografica-de-la-conferencia-de-prensa-matutina-del-presidente-andres-manuel-lopez-obrador-241/
24/01/20,https://lopezobrador.org.mx/2020/01/24/version-estenografica-de-la-conferencia-de-prensa-matutina-del-presidente-andres-manuel-lopez-obrador-242/
27/01/20,https://lopezobrador.org.mx/2020/01/27/version-estenografica-de-la-conferencia-de-prensa-matutina-del-presidente-andres-manuel-lopez-obrador-243/
28/01/20,https://lopezobrador.org.mx/2020/01/28/version-estenografica-de-la-conferencia-de-prensa-matutina-del-presidente-andres-manuel-lopez-obrador-244/
29/01/20,https://lopezobrador.org.mx/2020/01/29/version-estenografica-de-la-conferencia-de-prensa-matutina-del-presidente-andres-manuel-lopez-obrador-245/
30/01/20,https://lopezobrador.org.mx/2020/01/30/version-estenografica-de-la-conferencia-de-prensa-matutina-del-presidente-andres-manuel-lopez-obrador-246/
31/01/20,https://lopezobrador.org.mx/2020/01/31/version-estenografica-de-la-conferencia-de-prensa-matutina-del-presidente-andres-manuel-lopez-obrador-247/
03/02/20,https://lopezobrador.org.mx/2020/02/03/version-estenografica-de-la-conferencia-de-prensa-matutina-del-presidente-andres-manuel-lopez-obrador-248/
04/02/20,https://lopezobrador.org.mx/2020/02/04/version-estenografica-de-la-conferencia-de-prensa-matutina-del-presidente-andres-manuel-lopez-obrador-249/
05/02/20,https://lopezobrador.org.mx/2020/02/05/version-estenografica-de-la-conferencia-de-prensa-matutina-del-presidente-andres-manuel-lopez-obrador-250/
06/02/20,https://lopezobrador.org.mx/2020/02/06/version-estenografica-de-la-conferencia-de-prensa-matutina-del-presidente-andres-manuel-lopez-obrador-251/
07/02/20,https://lopezobrador.org.mx/2019/02/07/version-estenografica-de-la-conferencia-de-prensa-matutina-del-presidente-andres-manuel-lopez-obrador-40/
10/02/20,https://lopezobrador.org.mx/2020/02/10/version-estenografica-de-la-conferencia-de-prensa-matutina-del-presidente-andres-manuel-lopez-obrador-253/
11/02/20,https://lopezobrador.org.mx/2020/02/11/version-estenografica-de-la-conferencia-de-prensa-matutina-del-presidente-andres-manuel-lopez-obrador-254/
12/02/20,https://lopezobrador.org.mx/2020/02/12/version-estenografica-de-la-conferencia-de-prensa-matutina-del-presidente-andres-manuel-lopez-obrador-255/
13/02/20,https://lopezobrador.org.mx/2020/02/13/version-estenografica-de-la-conferencia-de-prensa-matutina-del-presidente-andres-manuel-lopez-obrador-256/
14/02/20,https://lopezobrador.org.mx/2020/02/14/version-estenografica-de-la-conferencia-de-prensa-matutina-del-presidente-andres-manuel-lopez-obrador-257/
17/02/20,https://lopezobrador.org.mx/2020/02/17/version-estenografica-de-la-conferencia-de-prensa-matutina-del-presidente-andres-manuel-lopez-obrador-258/
18/02/20,https://lopezobrador.org.mx/2020/02/18/version-estenografica-de-la-conferencia-de-prensa-matutina-del-presidente-andres-manuel-lopez-obrador-259/
19/02/20,https://lopezobrador.org.mx/2020/02/19/version-estenografica-de-la-conferencia-de-prensa-matutina-del-presidente-andres-manuel-lopez-obrador-260/
20/02/20,https://lopezobrador.org.mx/2020/02/20/version-estenografica-de-la-conferencia-de-prensa-matutina-del-presidente-andres-manuel-lopez-obrador-261/
21/02/20,https://lopezobrador.org.mx/2020/02/21/version-estenografica-de-la-conferencia-de-prensa-matutina-del-presidente-andres-manuel-lopez-obrador-en-la-paz-baja-california-sur/
24/02/20,https://lopezobrador.org.mx/2020/02/24/version-estenografica-de-la-conferencia-de-prensa-matutina-del-presidente-andres-manuel-lopez-obrador-262/
25/02/20,https://lopezobrador.org.mx/2020/02/25/version-estenografica-de-la-conferencia-de-prensa-matutina-del-presidente-andres-manuel-lopez-obrador-263/
26/02/20,https://lopezobrador.org.mx/2020/02/26/version-estenografica-de-la-conferencia-de-prensa-matutina-del-presidente-andres-manuel-lopez-obrador-264/
27/02/20,https://lopezobrador.org.mx/2020/02/27/version-estenografica-de-la-conferencia-de-prensa-matutina-del-presidente-andres-manuel-lopez-obrador-265/
28/02/20,https://lopezobrador.org.mx/2020/02/28/version-estenografica-de-la-conferencia-de-prensa-matutina-del-presidente-andres-manuel-lopez-obrador-266/
02/03/20,https://lopezobrador.org.mx/2020/03/02/version-estenografica-de-la-conferencia-de-prensa-matutina-del-presidente-andres-manuel-lopez-obrador-267/
03/03/20,https://lopezobrador.org.mx/2020/03/03/version-estenografica-de-la-conferencia-de-prensa-matutina-del-presidente-andres-manuel-lopez-obrador-268/
04/03/20,https://lopezobrador.org.mx/2020/03/04/version-estenografica-de-la-conferencia-de-prensa-matutina-del-presidente-andres-manuel-lopez-obrador-269/
05/03/20,https://lopezobrador.org.mx/2020/03/05/version-estenografica-de-la-conferencia-de-prensa-matutina-del-presidente-andres-manuel-lopez-obrador-270/
06/03/20,https://lopezobrador.org.mx/2020/03/06/version-estenografica-de-la-conferencia-de-prensa-matutina-del-presidente-andres-manuel-lopez-obrador-271/
09/03/20,https://lopezobrador.org.mx/2020/03/09/version-estenografica-de-la-conferencia-de-prensa-matutina-del-presidente-andres-manuel-lopez-obrador-272/
10/03/20,https://lopezobrador.org.mx/2020/03/10/version-estenografica-de-la-conferencia-de-prensa-matutina-del-presidente-andres-manuel-lopez-obrador-273/
11/03/20,https://lopezobrador.org.mx/2020/03/11/version-estenografica-de-la-conferencia-de-prensa-matutina-del-presidente-andres-manuel-lopez-obrador-274/
12/03/20,https://lopezobrador.org.mx/2020/03/12/version-estenografica-de-la-conferencia-de-prensa-matutina-del-presidente-andres-manuel-lopez-obrador-275/
13/03/20,https://lopezobrador.org.mx/2020/03/13/version-estenografica-de-la-conferencia-de-prensa-matutina-del-presidente-andres-manuel-lopez-obrador-276/
16/03/20,https://lopezobrador.org.mx/2020/03/16/version-estenografica-de-la-conferencia-de-prensa-matutina-del-presidente-andres-manuel-lopez-obrador-277/
17/03/20,https://lopezobrador.org.mx/2020/03/17/version-estenografica-de-la-conferencia-de-prensa-matutina-del-presidente-andres-manuel-lopez-obrador-278/
18/03/20,https://lopezobrador.org.mx/2020/03/18/version-estenografica-de-la-conferencia-de-prensa-matutina-del-presidente-andres-manuel-lopez-obrador-279/
19/03/20,https://lopezobrador.org.mx/2020/03/19/version-estenografica-de-la-conferencia-de-prensa-matutina-del-presidente-andres-manuel-lopez-obrador-280/
20/03/20,https://lopezobrador.org.mx/2020/03/20/version-estenografica-de-la-conferencia-de-prensa-matutina-del-presidente-andres-manuel-lopez-obrador-281/
23/03/20,https://lopezobrador.org.mx/2020/03/23/version-estenografica-de-la-conferencia-de-prensa-matutina-del-presidente-andres-manuel-lopez-obrador-282/
24/03/20,https://lopezobrador.org.mx/2020/03/24/version-estenografica-de-la-conferencia-de-prensa-matutina-del-presidente-andres-manuel-lopez-obrador-283/
25/03/20,https://lopezobrador.org.mx/2020/03/25/version-estenografica-de-la-conferencia-de-prensa-matutina-del-presidente-andres-manuel-lopez-obrador-284/
26/03/20,https://lopezobrador.org.mx/2020/03/26/version-estenografica-de-la-conferencia-de-prensa-matutina-del-presidente-andres-manuel-lopez-obrador-285/
27/03/20,https://lopezobrador.org.mx/2020/03/27/version-estenografica-de-la-conferencia-de-prensa-matutina-del-presidente-andres-manuel-lopez-obrador-286/
30/03/20,https://lopezobrador.org.mx/2020/03/30/version-estenografica-de-la-conferencia-de-prensa-matutina-del-presidente-andres-manuel-lopez-obrador-287/
31/03/20,https://lopezobrador.org.mx/2020/03/31/version-estenografica-de-la-conferencia-de-prensa-matutina-del-presidente-andres-manuel-lopez-obrador-288/
01/04/20,https://lopezobrador.org.mx/2020/04/01/version-estenografica-de-la-conferencia-de-prensa-matutina-del-presidente-andres-manuel-lopez-obrador-289/
02/04/20,https://lopezobrador.org.mx/2020/04/02/version-estenografica-de-la-conferencia-de-prensa-matutina-del-presidente-andres-manuel-lopez-obrador-290/
03/04/20,https://lopezobrador.org.mx/2020/04/03/version-estenografica-de-la-conferencia-de-prensa-matutina-del-presidente-andres-manuel-lopez-obrador-291/
04/04/20,https://lopezobrador.org.mx/2020/04/04/version-estenografica-de-la-conferencia-de-prensa-matutina-del-presidente-andres-manuel-lopez-obrador-292/
Informe trimestral,https://lopezobrador.org.mx/2020/04/05/discurso-del-presidente-andres-manuel-lopez-obrador-en-su-informe-al-pueblo-de-mexico/
06/04/20,https://lopezobrador.org.mx/2020/04/06/version-estenografica-de-la-conferencia-de-prensa-matutina-del-presidente-andres-manuel-lopez-obrador-293/
07/04/20,https://lopezobrador.org.mx/2020/04/07/version-estenografica-de-la-conferencia-de-prensa-matutina-del-presidente-andres-manuel-lopez-obrador-294/
08/04/20,https://lopezobrador.org.mx/2020/04/08/version-estenografica-de-la-conferencia-de-prensa-matutina-del-presidente-andres-manuel-lopez-obrador-295/
09/04/20,https://lopezobrador.org.mx/2020/04/09/version-estenografica-de-la-conferencia-de-prensa-matutina-del-presidente-andres-manuel-lopez-obrador-296/
10/04/20,https://lopezobrador.org.mx/2020/04/10/version-estenografica-de-la-conferencia-de-prensa-matutina-del-presidente-andres-manuel-lopez-obrador-297/
13/04/20,https://lopezobrador.org.mx/2020/04/13/version-estenografica-de-la-conferencia-de-prensa-matutina-del-presidente-andres-manuel-lopez-obrador-298/
14/04/20,https://lopezobrador.org.mx/2020/04/14/version-estenografica-de-la-conferencia-de-prensa-matutina-del-presidente-andres-manuel-lopez-obrador-299/
15/04/20,https://lopezobrador.org.mx/2020/04/15/version-estenografica-de-la-conferencia-de-prensa-matutina-del-presidente-andres-manuel-lopez-obrador-300/
16/04/20,https://lopezobrador.org.mx/2020/04/16/version-estenografica-de-la-conferencia-de-prensa-matutina-del-presidente-andres-manuel-lopez-obrador-301/
17/04/20,https://lopezobrador.org.mx/2020/04/17/version-estenografica-de-la-conferencia-de-prensa-matutina-del-presidente-andres-manuel-lopez-obrador-302/
20/04/20,https://lopezobrador.org.mx/2020/04/20/version-estenografica-de-la-conferencia-de-prensa-matutina-del-presidente-andres-manuel-lopez-obrador-303/
21/04/20,https://lopezobrador.org.mx/2020/04/21/version-estenografica-de-la-conferencia-de-prensa-matutina-del-presidente-andres-manuel-lopez-obrador-304/
22/04/20,https://lopezobrador.org.mx/2020/04/22/version-estenografica-de-la-conferencia-de-prensa-matutina-del-presidente-andres-manuel-lopez-obrador-305/
23/04/20,https://lopezobrador.org.mx/2020/04/23/version-estenografica-de-la-conferencia-de-prensa-matutina-del-presidente-andres-manuel-lopez-obrador-306/
24/04/20,https://lopezobrador.org.mx/2020/04/24/version-estenografica-de-la-conferencia-de-prensa-matutina-del-presidente-andres-manuel-lopez-obrador-307/
27/04/20,https://lopezobrador.org.mx/2020/04/27/version-estenografica-de-la-conferencia-de-prensa-matutina-del-presidente-andres-manuel-lopez-obrador-308/
28/04/20,https://lopezobrador.org.mx/2020/04/28/version-estenografica-de-la-conferencia-de-prensa-matutina-del-presidente-andres-manuel-lopez-obrador-309/
29/04/20,https://lopezobrador.org.mx/2020/04/29/version-estenografica-de-la-conferencia-de-prensa-matutina-del-presidente-andres-manuel-lopez-obrador-310/
30/04/20,https://lopezobrador.org.mx/2020/04/30/version-estenografica-de-la-conferencia-de-prensa-matutina-del-presidente-andres-manuel-lopez-obrador-311/
01/05/20,https://lopezobrador.org.mx/2020/05/01/version-estenografica-de-la-conferencia-de-prensa-matutina-del-presidente-andres-manuel-lopez-obrador-312/
04/05/20,https://lopezobrador.org.mx/2020/05/04/version-estenografica-de-la-conferencia-de-prensa-matutina-del-presidente-andres-manuel-lopez-obrador-313/
05/05/20,https://lopezobrador.org.mx/2020/05/05/version-estenografica-de-la-conferencia-de-prensa-matutina-del-presidente-andres-manuel-lopez-obrador-314/
06/05/20,https://lopezobrador.org.mx/2020/05/06/version-estenografica-de-la-conferencia-de-prensa-matutina-del-presidente-andres-manuel-lopez-obrador-315/
07/05/20,https://lopezobrador.org.mx/2020/05/07/version-estenografica-de-la-conferencia-de-prensa-matutina-del-presidente-andres-manuel-lopez-obrador-316/
08/05/20,https://lopezobrador.org.mx/2020/05/08/version-estenografica-de-la-conferencia-de-prensa-matutina-del-presidente-andres-manuel-lopez-obrador-317/
11/05/20,https://lopezobrador.org.mx/2020/05/11/version-estenografica-de-la-conferencia-de-prensa-matutina-del-presidente-andres-manuel-lopez-obrador-318/
12/05/20,https://lopezobrador.org.mx/2020/05/12/version-estenografica-de-la-conferencia-de-prensa-matutina-del-presidente-andres-manuel-lopez-obrador-319/
13/05/20,https://lopezobrador.org.mx/2020/05/13/version-estenografica-de-la-conferencia-de-prensa-matutina-del-presidente-andres-manuel-lopez-obrador-320/
14/05/20,https://lopezobrador.org.mx/2020/05/14/version-estenografica-de-la-conferencia-de-prensa-matutina-del-presidente-andres-manuel-lopez-obrador-321/
15/05/20,https://lopezobrador.org.mx/2020/05/15/version-estenografica-de-la-conferencia-de-prensa-matutina-del-presidente-andres-manuel-lopez-obrador-322/
18/05/20,https://lopezobrador.org.mx/2020/05/18/version-estenografica-de-la-conferencia-de-prensa-matutina-del-presidente-andres-manuel-lopez-obrador-323/
